fecha,indicativo,tmin,longitud,latitud
2021-01-06,4358X,-4.7,-5.880556,38.955556
2021-01-06,4220X,-7,-4.616389,39.088611
2021-01-06,6106X,4.7,-4.748333,37.029444
2021-01-06,9698U,-6.8,0.865278,42.205278
2021-01-06,4410X,-3.4,-6.385556,38.915833
2021-01-06,1331A,1,-7.031389,43.524722
2021-01-06,1690A,-0.1,-7.859722,42.325278
2021-01-06,8489X,-8,-0.255833,40.433333
2021-01-06,8025,2,-0.494167,38.3725
2021-01-06,9784P,-10,0.224722,42.63
2021-01-06,2331,-6.3,-3.620278,42.356944
2021-01-06,9434,-2.7,-1.004167,41.660556
2021-01-06,1109,1.6,-3.825556,43.423889
2021-01-06,6293X,9.5,-2.701667,36.686944
2021-01-06,1212E,2.1,-6.044167,43.566944
2021-01-06,9394X,-6.5,-1.645278,41.331111
2021-01-06,3094B,-2.6,-3.021389,40.011389
2021-01-06,1059X,3.7,-3.021667,43.375
2021-01-06,1207U,-1,-5.621111,43.523056
2021-01-06,6367B,4.5,-1.943611,37.390556
2021-01-06,7228,-0.5,-1.228611,37.957778
2021-01-06,7002Y,7.5,-1.586944,37.417222
2021-01-06,3191E,-3.7,-3.765,40.696111
2021-01-06,0016A,-5.1,1.163611,41.145
2021-01-06,8058X,-0.6,-0.095833,38.928889
2021-01-06,0367,-3,2.763333,41.911667
2021-01-06,7247X,-5.1,-1.038056,38.399722
2021-01-06,3200,-4.4,-3.722222,40.299444
2021-01-06,4103X,-8,-3.0075,39.169167
2021-01-06,3175,-6.1,-3.443611,40.488611
2021-01-06,3129,-6.9,-3.555556,40.466667
2021-01-06,4067,-8.4,-3.528333,39.491944
2021-01-06,1014A,-1.4,-1.792222,43.356944
2021-01-06,7031X,5.9,-0.805833,37.778333
2021-01-06,7209,1.6,-1.687222,37.654722
2021-01-06,3519X,-1.7,-6.085833,40.043056
2021-01-06,2755X,-5.2,-5.666667,42.010833
2021-01-06,8175,-9.1,-1.856389,38.954167
2021-01-06,9244X,-6,-1.213611,42.490833
2021-01-06,6277B,9.1,-3.020556,36.747222
2021-01-06,9170,-2.8,-2.331111,42.452222
2021-01-06,7031,5.5,-0.803333,37.788889
2021-01-06,5181D,0,-2.889722,38.314722
2021-01-06,B691Y,-0.9,3.016667,39.749167
2021-01-06,1159,1.4,-4.392222,43.393333
2021-01-06,3260B,-5.5,-4.045278,39.884722
2021-01-06,3194U,-6.3,-3.724167,40.451667
2021-01-06,1283U,2.1,-6.47,43.569167
2021-01-06,1083L,2.8,-3.233889,43.394722
2021-01-06,2117D,-8.4,-3.742778,41.665833
2021-01-06,5514,-0.1,-3.631389,37.137222
2021-01-06,B248,-1,2.713056,39.735
2021-01-06,5860E,5,-6.738056,37.098056
2021-01-06,2465,-5.2,-4.126389,40.945278
2021-01-06,B228,3.1,2.625278,39.555278
2021-01-06,B013X,-1.1,2.885833,39.823333
2021-01-06,4090Y,-6.5,-2.420556,39.416667
2021-01-06,0324A,-8.7,2.196111,42.191389
2021-01-06,5995B,7,-5.965,36.245556
2021-01-06,1473A,-1.3,-8.627222,42.738333
2021-01-06,1024E,0,-2.041111,43.306389
2021-01-06,9619,-10.2,1.463056,42.354722
2021-01-06,5427X,3.7,-4.353889,37.556111
2021-01-06,1082,1.6,-2.906389,43.298056
2021-01-06,B569X,7,3.478056,39.716667
2021-01-06,7145D,-0.1,-1.380556,38.232778
2021-01-06,5402,2.4,-4.846667,37.848889
2021-01-06,1387E,-2.5,-8.371944,43.306944
2021-01-06,5641X,5.8,-5.085,37.516111
2021-01-06,4148,-5.7,-3.566667,38.518056
2021-01-06,1002Y,-3.4,-1.543056,43.135833
2021-01-06,6058I,9.3,-5.155,36.416944
2021-01-06,9898,-5.4,-0.325556,42.084444
2021-01-06,9569A,-2.4,-0.237778,40.946667
2021-01-06,1505,-2.6,-7.4575,43.111389
2021-01-06,2661,-5.1,-5.651111,42.588333
2021-01-06,7096B,-2.4,-1.703056,38.541944
2021-01-06,5960,0.4,-6.055833,36.750556
2021-01-06,9434P,-2.5,-0.935,41.620833
2021-01-06,8019,3.7,-0.570833,38.282778
2021-01-06,8500A,1.6,-0.071944,39.957222
2021-01-06,5796,1.2,-5.611389,37.164444
2021-01-06,5047E,-0.8,-2.735,37.505833
2021-01-06,5972X,5,-6.205556,36.465556
2021-01-06,1475X,0,-8.555833,42.876111
2021-01-06,0076,-0.5,2.07,41.292778
2021-01-06,4061X,-5.4,-3.046944,39.5975
2021-01-06,3110C,-8.3,-3.613611,41.006944
2021-01-06,9990X,-10.7,0.876944,42.700278
2021-01-06,8325X,1.4,-0.371944,39.184722
2021-01-06,2867,-9,-5.498333,40.959444
2021-01-06,B346X,-1.1,3.019167,39.521667
2021-01-06,2235U,-7.2,-4.52,42.870556
2021-01-06,1221D,-9,-5.776389,42.978611
2021-01-06,2775X,-8.9,-6.279722,41.941389
2021-01-06,9981A,2.3,0.493333,40.820278
2021-01-06,3434X,-5.2,-5.5825,39.945833
2021-01-06,1041A,1,-2.251111,43.302222
2021-01-06,4267X,-5.6,-5.121111,38.498611
2021-01-06,9294E,-4.4,-1.475278,42.198611
2021-01-06,4386B,-2.5,-6.016944,38.231667
2021-01-06,4452,-2.1,-6.813889,38.883333
2021-01-06,3391,-4.2,-4.590833,40.288611
2021-01-06,5390Y,-1.9,-4.608889,38.333056
2021-01-06,9263X,-3.4,-1.5325,42.776111
2021-01-06,3111D,-8.7,-3.580278,41.135556
2021-01-06,3013,-12,-1.878889,40.841667
2021-01-06,8293X,-2.3,-0.523611,39.001667
2021-01-06,0372C,-4.3,2.763611,42.104444
2021-01-06,5704B,-1.7,-5.769722,37.926389
2021-01-06,8414A,-2.3,-0.474722,39.485
2021-01-06,1735X,-6.9,-7.733611,42.079167
2021-01-06,5270B,2.3,-3.808889,37.7775
2021-01-06,9563X,-4.8,-0.186667,40.498611
2021-01-06,1700X,-1,-8.0925,42.421389
2021-01-06,3526X,-4.1,-6.5575,40.003611
2021-01-06,1387,2.3,-8.421389,43.365833
2021-01-06,9381I,-8.6,-1.293333,40.926111
2021-01-06,4121,-6.2,-3.920278,38.989167
2021-01-06,8177A,-5.8,-1.66,38.935833
2021-01-06,1183X,2.7,-4.748056,43.420278
2021-01-06,8368U,-8.8,-1.124167,40.350556
2021-01-06,8178D,-8,-1.862222,39.005556
2021-01-06,8416Y,1.7,-0.366389,39.480556
2021-01-06,5783,2,-5.879167,37.416667
2021-01-06,6205X,9.7,-3.957222,36.726389
2021-01-06,1400,3.5,-9.291389,42.924722
2021-01-06,6156X,9.1,-4.481667,36.717778
2021-01-06,5530E,1.7,-3.789444,37.189722
2021-01-06,6084X,10.4,-4.618333,36.538611
2021-01-06,1078I,1.2,-3.104722,43.203333
2021-01-06,9208E,-9.2,-0.673056,42.708889
2021-01-06,0200E,1,2.124167,41.418333
2021-01-06,9019B,-5.2,-3.933889,42.806389
2021-01-06,2946X,-7.7,-6.6,40.635
2021-01-06,1549,-4,-6.6,42.563889
2021-01-06,3100B,-8,-3.546111,40.067222
2021-01-06,4147X,-6.3,-3.391389,38.750556
2021-01-06,2400E,-5.3,-4.602778,41.995556
2021-01-06,5000C,9.7,-5.346944,35.888611
2021-01-06,9051,-5.1,-3.482778,42.92
2021-01-06,7275C,-6.8,-1.159722,38.601667
2021-01-06,2298,-13.2,-3.131667,41.959722
2021-01-06,3168D,-5.6,-3.15,40.630278
2021-01-06,9585,-10.2,1.939444,42.3325
2021-01-06,2462,-9.7,-4.010556,40.793056
2021-01-06,2630X,-13.1,-5.376944,43.062222
2021-01-06,B278,-2.4,2.736667,39.560833
2021-01-06,3298X,-3.5,-4.350556,39.546944
2021-01-06,4244X,-4.8,-5.062222,39.169444
2021-01-06,2539,-7.4,-4.855556,41.711944
2021-01-06,7178I,2.4,-1.170833,38.001944
2021-01-06,2444,-7.9,-4.68,40.659167
2021-01-06,6302A,2.6,-2.78,37.141389
2021-01-06,3196,-3.2,-3.786111,40.375556
2021-01-06,2030,-8.9,-2.483056,41.775
2021-01-06,4560Y,0.6,-6.675,37.868611
2021-01-06,1050J,-1.8,-2.413333,43.209444
2021-01-06,0149X,-5.3,1.840278,41.72
2021-01-06,8309X,-6.2,-1.244722,39.575556
2021-01-06,1393,4.1,-9.210833,43.160556
2021-01-06,1495,-1,-8.623889,42.238611
2021-01-06,1249X,0.5,-5.874167,43.353333
2021-01-06,6155A,9,-4.482222,36.666111
2021-01-06,3576X,-4.2,-7.231111,39.414722
2021-01-06,2870,-5.9,-5.662222,40.9575
2021-01-06,9201K,-8.9,-0.546944,42.578889
2021-01-06,1351,4.4,-7.684722,43.786111
2021-01-06,3266A,-7.4,-4.141944,40.706389
2021-01-06,1631E,-6.6,-7.2825,42.339444
2021-01-06,7012C,6.4,-0.987778,37.601111
2021-01-06,1057B,2.1,-2.752778,43.453889
2021-01-06,3338,-5.9,-4.25,40.427778000000004
2021-01-06,2374X,-4.4,-4.617222,42.350833
2021-01-06,1484C,-0.4,-8.615833,42.438333
2021-01-06,0252D,1.3,2.54,41.5875
2021-01-06,5911A,-0.1,-5.374167,36.760556
2021-01-06,1428,-1,-8.410556,42.888056
2021-01-06,0201D,2,2.2,41.390556
2021-01-06,9091O,-6.4,-2.735,42.881944
2021-01-06,3365A,-5,-4.863611,39.958611
2021-01-06,5298X,0,-4.063333,38.023056
2021-01-06,6000A,9.1,-2.956389,35.276389
2021-01-06,5973,5.8,-6.257778,36.499722
2021-01-06,2916A,-5.4,-6.437778,41.011389
2021-01-06,2150H,-10.4,-3.475278,41.191944
2021-01-06,9771C,-5.6,0.598056,41.626111
2021-01-06,9390,-8,-1.41,41.114444
2021-01-06,2614,-6.3,-5.735278,41.515556
2021-01-06,1208H,4.1,-5.700833,43.56
2021-01-06,1037Y,-4.7,-2.3175,43.08
2021-01-06,4511C,-2.2,-6.765,38.298611
2021-01-06,9001D,-11.5,-4.160556,42.991944
2021-01-06,8096,-7.1,-2.131944,40.067222
2021-01-06,6325O,9.1,-2.356944,36.846389
2021-01-06,1542,-10.9,-6.414167,42.994167
2021-01-06,1111X,3.6,-3.800556,43.491111
2021-01-06,4642E,1.9,-6.911667,37.278333
2021-01-06,2422,-5.9,-4.754444,41.640833
2021-01-06,5910,3.2,-6.3325,36.638889
2021-01-06,9091R,-6.8,-2.732778,42.871944
2021-01-06,4549Y,3.3,-7.395,37.194722
2021-01-06,3130C,-10.1,-2.618056,41.086389
2021-01-06,2737E,-7.8,-6.196667,42.3775
2021-01-06,1210X,3.6,-5.848611,43.655833
2021-01-06,B954,0,1.384444,38.876389
2021-01-06,3469A,-4,-6.338889,39.471389
2021-01-06,8050X,-1.6,0.167778,38.783611
2021-01-06,9262,-3.1,-1.638333,42.817778
2021-01-06,6001,10.1,-5.598889,36.013889
2021-01-06,9263D,-4.4,-1.65,42.776944
2021-01-06,3044X,-9.2,-2.15,40.530278
2021-01-06,3195,-2.2,-3.678056,40.411944
2021-01-06,B893,-0.6,4.215556,39.854722
2021-01-06,9573X,-3.4,-0.141667,41.058056
2021-01-06,7119B,-2.1,-1.877222,38.1025
2021-01-06,0255B,-2.2,2.696944,41.650833
2021-01-06,5612B,1,-4.77,37.194444
2021-01-07,4358X,2.9,-5.880556,38.955556
2021-01-07,4220X,1,-4.616389,39.088611
2021-01-07,6106X,4.4,-4.748333,37.029444
2021-01-07,9698U,-5.8,0.865278,42.205278
2021-01-07,4410X,3.2,-6.385556,38.915833
2021-01-07,1331A,0,-7.031389,43.524722
2021-01-07,1690A,-1.3,-7.859722,42.325278
2021-01-07,8489X,-4.5,-0.255833,40.433333
2021-01-07,8025,6.2,-0.494167,38.3725
2021-01-07,9784P,-9.6,0.224722,42.63
2021-01-07,2331,-8.1,-3.620278,42.356944
2021-01-07,9434,-3.1,-1.004167,41.660556
2021-01-07,1109,0.2,-3.825556,43.423889
2021-01-07,6293X,7.8,-2.701667,36.686944
2021-01-07,1212E,0.4,-6.044167,43.566944
2021-01-07,9394X,-4.2,-1.645278,41.331111
2021-01-07,3094B,-1.6,-3.021389,40.011389
2021-01-07,1059X,1.5,-3.021667,43.375
2021-01-07,1207U,-2.7,-5.621111,43.523056
2021-01-07,6367B,3.2,-1.943611,37.390556
2021-01-07,7228,3.8,-1.228611,37.957778
2021-01-07,7002Y,7.4,-1.586944,37.417222
2021-01-07,3191E,-2,-3.765,40.696111
2021-01-07,0016A,-0.1,1.163611,41.145
2021-01-07,8058X,5.6,-0.095833,38.928889
2021-01-07,0367,0.5,2.763333,41.911667
2021-01-07,7247X,2,-1.038056,38.399722
2021-01-07,3200,-0.6,-3.722222,40.299444
2021-01-07,4103X,0,-3.0075,39.169167
2021-01-07,3175,-5.2,-3.443611,40.488611
2021-01-07,3129,-4.4,-3.555556,40.466667
2021-01-07,4067,-1.4,-3.528333,39.491944
2021-01-07,1014A,-2.6,-1.792222,43.356944
2021-01-07,7031X,6.2,-0.805833,37.778333
2021-01-07,7209,2.8,-1.687222,37.654722
2021-01-07,3519X,0,-6.085833,40.043056
2021-01-07,2755X,-5.6,-5.666667,42.010833
2021-01-07,8175,-0.2,-1.856389,38.954167
2021-01-07,9244X,-7.1,-1.213611,42.490833
2021-01-07,6277B,8.5,-3.020556,36.747222
2021-01-07,9170,-3.4,-2.331111,42.452222
2021-01-07,7031,5.5,-0.803333,37.788889
2021-01-07,5181D,3.2,-2.889722,38.314722
2021-01-07,B691Y,2.4,3.016667,39.749167
2021-01-07,1159,0.3,-4.392222,43.393333
2021-01-07,3260B,-0.7,-4.045278,39.884722
2021-01-07,3194U,-2.7,-3.724167,40.451667
2021-01-07,1283U,1.5,-6.47,43.569167
2021-01-07,1083L,1.8,-3.233889,43.394722
2021-01-07,2117D,-8.4,-3.742778,41.665833
2021-01-07,5514,2.6,-3.631389,37.137222
2021-01-07,B248,-0.7,2.713056,39.735
2021-01-07,5860E,6.8,-6.738056,37.098056
2021-01-07,2465,-5.8,-4.126389,40.945278
2021-01-07,B228,6.4,2.625278,39.555278
2021-01-07,B013X,-0.1,2.885833,39.823333
2021-01-07,4090Y,0,-2.420556,39.416667
2021-01-07,0324A,-6.1,2.196111,42.191389
2021-01-07,5995B,8.2,-5.965,36.245556
2021-01-07,1473A,-1.1,-8.627222,42.738333
2021-01-07,1024E,0.1,-2.041111,43.306389
2021-01-07,9619,-8.8,1.463056,42.354722
2021-01-07,5427X,4.4,-4.353889,37.556111
2021-01-07,1082,-1.6,-2.906389,43.298056
2021-01-07,B569X,7.9,3.478056,39.716667
2021-01-07,7145D,2.6,-1.380556,38.232778
2021-01-07,5402,5.7,-4.846667,37.848889
2021-01-07,1387E,-2.4,-8.371944,43.306944
2021-01-07,5641X,6.9,-5.085,37.516111
2021-01-07,4148,0,-3.566667,38.518056
2021-01-07,1002Y,-4.7,-1.543056,43.135833
2021-01-07,6058I,9,-5.155,36.416944
2021-01-07,9898,-5,-0.325556,42.084444
2021-01-07,9569A,-1.8,-0.237778,40.946667
2021-01-07,1505,-4.9,-7.4575,43.111389
2021-01-07,2661,-7,-5.651111,42.588333
2021-01-07,7096B,-0.1,-1.703056,38.541944
2021-01-07,5960,6.9,-6.055833,36.750556
2021-01-07,9434P,-3.1,-0.935,41.620833
2021-01-07,8019,6,-0.570833,38.282778
2021-01-07,8500A,4.8,-0.071944,39.957222
2021-01-07,5796,6.9,-5.611389,37.164444
2021-01-07,5047E,0.4,-2.735,37.505833
2021-01-07,5972X,7.8,-6.205556,36.465556
2021-01-07,1475X,-0.7,-8.555833,42.876111
2021-01-07,0076,2.7,2.07,41.292778
2021-01-07,4061X,1,-3.046944,39.5975
2021-01-07,3110C,-8.4,-3.613611,41.006944
2021-01-07,9990X,-12,0.876944,42.700278
2021-01-07,8325X,4.5,-0.371944,39.184722
2021-01-07,2867,-5.1,-5.498333,40.959444
2021-01-07,B346X,4.6,3.019167,39.521667
2021-01-07,2235U,-8.9,-4.52,42.870556
2021-01-07,1221D,-10.6,-5.776389,42.978611
2021-01-07,2775X,-10.7,-6.279722,41.941389
2021-01-07,9981A,2.5,0.493333,40.820278
2021-01-07,3434X,-1.4,-5.5825,39.945833
2021-01-07,1041A,-0.2,-2.251111,43.302222
2021-01-07,4267X,2.2,-5.121111,38.498611
2021-01-07,9294E,-5.5,-1.475278,42.198611
2021-01-07,4386B,1.5,-6.016944,38.231667
2021-01-07,4452,2.5,-6.813889,38.883333
2021-01-07,3391,0,-4.590833,40.288611
2021-01-07,5390Y,1,-4.608889,38.333056
2021-01-07,9263X,-4.6,-1.5325,42.776111
2021-01-07,3111D,-9.7,-3.580278,41.135556
2021-01-07,3013,-5.9,-1.878889,40.841667
2021-01-07,8293X,4.2,-0.523611,39.001667
2021-01-07,5704B,2.6,-5.769722,37.926389
2021-01-07,8414A,4.4,-0.474722,39.485
2021-01-07,1735X,-7.2,-7.733611,42.079167
2021-01-07,5270B,3.4,-3.808889,37.7775
2021-01-07,9563X,-4,-0.186667,40.498611
2021-01-07,1700X,-2.9,-8.0925,42.421389
2021-01-07,3526X,-0.3,-6.5575,40.003611
2021-01-07,1387,2.9,-8.421389,43.365833
2021-01-07,9381I,-4.7,-1.293333,40.926111
2021-01-07,4121,0.3,-3.920278,38.989167
2021-01-07,8177A,-1.4,-1.66,38.935833
2021-01-07,1183X,1.6,-4.748056,43.420278
2021-01-07,8368U,-2,-1.124167,40.350556
2021-01-07,8178D,0.1,-1.862222,39.005556
2021-01-07,8416Y,5.1,-0.366389,39.480556
2021-01-07,5783,6.8,-5.879167,37.416667
2021-01-07,1400,3.6,-9.291389,42.924722
2021-01-07,6156X,8.5,-4.481667,36.717778
2021-01-07,5530E,3.7,-3.789444,37.189722
2021-01-07,6084X,10.2,-4.618333,36.538611
2021-01-07,1078I,-1.5,-3.104722,43.203333
2021-01-07,9208E,-7.8,-0.673056,42.708889
2021-01-07,0200E,1.8,2.124167,41.418333
2021-01-07,9019B,-6.8,-3.933889,42.806389
2021-01-07,2946X,-3.5,-6.6,40.635
2021-01-07,1549,-5.4,-6.6,42.563889
2021-01-07,3100B,-1.8,-3.546111,40.067222
2021-01-07,4147X,0.5,-3.391389,38.750556
2021-01-07,2400E,-7.6,-4.602778,41.995556
2021-01-07,5000C,11.3,-5.346944,35.888611
2021-01-07,9051,-4.7,-3.482778,42.92
2021-01-07,7275C,0.4,-1.159722,38.601667
2021-01-07,2298,-11.5,-3.131667,41.959722
2021-01-07,3168D,-2.2,-3.15,40.630278
2021-01-07,9585,-9.8,1.939444,42.3325
2021-01-07,2462,-9.4,-4.010556,40.793056
2021-01-07,2630X,-13.7,-5.376944,43.062222
2021-01-07,B278,3.9,2.736667,39.560833
2021-01-07,3298X,-1.7,-4.350556,39.546944
2021-01-07,4244X,1.2,-5.062222,39.169444
2021-01-07,2539,-6.2,-4.855556,41.711944
2021-01-07,7178I,4.7,-1.170833,38.001944
2021-01-07,2444,-6.8,-4.68,40.659167
2021-01-07,6302A,1.1,-2.78,37.141389
2021-01-07,3196,-0.4,-3.786111,40.375556
2021-01-07,2030,-8.1,-2.483056,41.775
2021-01-07,4560Y,4.2,-6.675,37.868611
2021-01-07,1050J,-1.9,-2.413333,43.209444
2021-01-07,0149X,-3.3,1.840278,41.72
2021-01-07,8309X,0,-1.244722,39.575556
2021-01-07,1393,4.2,-9.210833,43.160556
2021-01-07,1495,-2,-8.623889,42.238611
2021-01-07,1249X,-1.5,-5.874167,43.353333
2021-01-07,6155A,8.3,-4.482222,36.666111
2021-01-07,3576X,0,-7.231111,39.414722
2021-01-07,2870,-3.3,-5.662222,40.9575
2021-01-07,9201K,-9.1,-0.546944,42.578889
2021-01-07,1351,4.5,-7.684722,43.786111
2021-01-07,3266A,-7.4,-4.141944,40.706389
2021-01-07,1631E,-7.7,-7.2825,42.339444
2021-01-07,7012C,6.3,-0.987778,37.601111
2021-01-07,1057B,3.7,-2.752778,43.453889
2021-01-07,3338,-3.2,-4.25,40.427778000000004
2021-01-07,2374X,-5.2,-4.617222,42.350833
2021-01-07,1484C,-0.8,-8.615833,42.438333
2021-01-07,0252D,3.2,2.54,41.5875
2021-01-07,5911A,3.2,-5.374167,36.760556
2021-01-07,1428,-3.3,-8.410556,42.888056
2021-01-07,0201D,4.1,2.2,41.390556
2021-01-07,9091O,-5.9,-2.735,42.881944
2021-01-07,3365A,-1.3,-4.863611,39.958611
2021-01-07,5298X,4.3,-4.063333,38.023056
2021-01-07,6000A,11.3,-2.956389,35.276389
2021-01-07,5973,8.4,-6.257778,36.499722
2021-01-07,2916A,-5.2,-6.437778,41.011389
2021-01-07,2150H,-10.2,-3.475278,41.191944
2021-01-07,9771C,-4.1,0.598056,41.626111
2021-01-07,9390,-4.1,-1.41,41.114444
2021-01-07,2614,-5.5,-5.735278,41.515556
2021-01-07,1208H,2.1,-5.700833,43.56
2021-01-07,1037Y,-5.7,-2.3175,43.08
2021-01-07,4511C,4.1,-6.765,38.298611
2021-01-07,9001D,-17.5,-4.160556,42.991944
2021-01-07,8096,-0.5,-2.131944,40.067222
2021-01-07,6325O,7.1,-2.356944,36.846389
2021-01-07,1542,-12.6,-6.414167,42.994167
2021-01-07,1111X,2.5,-3.800556,43.491111
2021-01-07,4642E,7.4,-6.911667,37.278333
2021-01-07,2422,-4.5,-4.754444,41.640833
2021-01-07,5910,7.2,-6.3325,36.638889
2021-01-07,9091R,-6.2,-2.732778,42.871944
2021-01-07,4549Y,8,-7.395,37.194722
2021-01-07,3130C,-8.6,-2.618056,41.086389
2021-01-07,2737E,-9.3,-6.196667,42.3775
2021-01-07,1210X,2,-5.848611,43.655833
2021-01-07,B954,6.9,1.384444,38.876389
2021-01-07,3469A,0.4,-6.338889,39.471389
2021-01-07,8050X,6.6,0.167778,38.783611
2021-01-07,9262,-4.6,-1.638333,42.817778
2021-01-07,6001,10.1,-5.598889,36.013889
2021-01-07,9263D,-6.4,-1.65,42.776944
2021-01-07,3044X,-3.5,-2.15,40.530278
2021-01-07,3195,-0.6,-3.678056,40.411944
2021-01-07,B893,5.1,4.215556,39.854722
2021-01-07,9573X,-3.5,-0.141667,41.058056
2021-01-07,7119B,0.4,-1.877222,38.1025
2021-01-07,0255B,1.9,2.696944,41.650833
2021-01-07,5612B,4.9,-4.77,37.194444
2021-01-08,4358X,2.9,-5.880556,38.955556
2021-01-08,4220X,0.9,-4.616389,39.088611
2021-01-08,6106X,5.8,-4.748333,37.029444
2021-01-08,9698U,-6.4,0.865278,42.205278
2021-01-08,4410X,2.5,-6.385556,38.915833
2021-01-08,1331A,-1.7,-7.031389,43.524722
2021-01-08,1690A,-1.4,-7.859722,42.325278
2021-01-08,8489X,-4.6,-0.255833,40.433333
2021-01-08,8025,6.3,-0.494167,38.3725
2021-01-08,2331,-5.9,-3.620278,42.356944
2021-01-08,9434,-2.9,-1.004167,41.660556
2021-01-08,1109,-0.6,-3.825556,43.423889
2021-01-08,6293X,9,-2.701667,36.686944
2021-01-08,1212E,-0.6,-6.044167,43.566944
2021-01-08,9394X,-5.5,-1.645278,41.331111
2021-01-08,3094B,-2.2,-3.021389,40.011389
2021-01-08,1059X,2.1,-3.021667,43.375
2021-01-08,1207U,-2.6,-5.621111,43.523056
2021-01-08,6367B,4.3,-1.943611,37.390556
2021-01-08,7228,3.4,-1.228611,37.957778
2021-01-08,7002Y,6.9,-1.586944,37.417222
2021-01-08,3191E,-2.9,-3.765,40.696111
2021-01-08,0016A,-3,1.163611,41.145
2021-01-08,8058X,5.2,-0.095833,38.928889
2021-01-08,0367,-3.7,2.763333,41.911667
2021-01-08,7247X,1,-1.038056,38.399722
2021-01-08,3200,-1.6,-3.722222,40.299444
2021-01-08,3175,-5.6,-3.443611,40.488611
2021-01-08,3129,-4.3,-3.555556,40.466667
2021-01-08,1014A,-3,-1.792222,43.356944
2021-01-08,7031X,6.2,-0.805833,37.778333
2021-01-08,7209,3.2,-1.687222,37.654722
2021-01-08,3519X,-1.1,-6.085833,40.043056
2021-01-08,2755X,-5.7,-5.666667,42.010833
2021-01-08,8175,-0.2,-1.856389,38.954167
2021-01-08,9244X,-8.8,-1.213611,42.490833
2021-01-08,6277B,9.3,-3.020556,36.747222
2021-01-08,9170,-2.1,-2.331111,42.452222
2021-01-08,7031,5.5,-0.803333,37.788889
2021-01-08,5181D,3,-2.889722,38.314722
2021-01-08,B691Y,6.6,3.016667,39.749167
2021-01-08,1159,0.1,-4.392222,43.393333
2021-01-08,3260B,-1.1,-4.045278,39.884722
2021-01-08,3194U,-3,-3.724167,40.451667
2021-01-08,1283U,0.8,-6.47,43.569167
2021-01-08,1083L,2.2,-3.233889,43.394722
2021-01-08,2117D,-10.2,-3.742778,41.665833
2021-01-08,5514,3.5,-3.631389,37.137222
2021-01-08,B248,-0.2,2.713056,39.735
2021-01-08,5860E,5.4,-6.738056,37.098056
2021-01-08,2465,-7.4,-4.126389,40.945278
2021-01-08,B228,6.7,2.625278,39.555278
2021-01-08,B013X,3.1,2.885833,39.823333
2021-01-08,4090Y,-0.1,-2.420556,39.416667
2021-01-08,0324A,-7.2,2.196111,42.191389
2021-01-08,5995B,9,-5.965,36.245556
2021-01-08,1473A,-1.5,-8.627222,42.738333
2021-01-08,1024E,0,-2.041111,43.306389
2021-01-08,9619,-10.4,1.463056,42.354722
2021-01-08,5427X,4.2,-4.353889,37.556111
2021-01-08,1082,-0.3,-2.906389,43.298056
2021-01-08,B569X,6.9,3.478056,39.716667
2021-01-08,7145D,1.6,-1.380556,38.232778
2021-01-08,5402,5.5,-4.846667,37.848889
2021-01-08,1387E,-3.2,-8.371944,43.306944
2021-01-08,5641X,6.8,-5.085,37.516111
2021-01-08,4148,-0.1,-3.566667,38.518056
2021-01-08,1002Y,-4.6,-1.543056,43.135833
2021-01-08,6058I,10.2,-5.155,36.416944
2021-01-08,9898,-6.7,-0.325556,42.084444
2021-01-08,9569A,-3.4,-0.237778,40.946667
2021-01-08,1505,-4.1,-7.4575,43.111389
2021-01-08,2661,-8.1,-5.651111,42.588333
2021-01-08,7096B,-0.1,-1.703056,38.541944
2021-01-08,5960,6.8,-6.055833,36.750556
2021-01-08,9434P,-1.6,-0.935,41.620833
2021-01-08,8019,6.3,-0.570833,38.282778
2021-01-08,8500A,4.2,-0.071944,39.957222
2021-01-08,5796,6.8,-5.611389,37.164444
2021-01-08,5047E,1,-2.735,37.505833
2021-01-08,5972X,8.1,-6.205556,36.465556
2021-01-08,1475X,-0.3,-8.555833,42.876111
2021-01-08,0076,1.2,2.07,41.292778
2021-01-08,4061X,1.3,-3.046944,39.5975
2021-01-08,3110C,-9.3,-3.613611,41.006944
2021-01-08,9990X,-12.7,0.876944,42.700278
2021-01-08,8325X,4.6,-0.371944,39.184722
2021-01-08,2867,-6.4,-5.498333,40.959444
2021-01-08,B346X,5.8,3.019167,39.521667
2021-01-08,2235U,-6.6,-4.52,42.870556
2021-01-08,1221D,-8.2,-5.776389,42.978611
2021-01-08,2775X,-8.9,-6.279722,41.941389
2021-01-08,9981A,1.2,0.493333,40.820278
2021-01-08,3434X,-2,-5.5825,39.945833
2021-01-08,1041A,-1.3,-2.251111,43.302222
2021-01-08,4267X,2.2,-5.121111,38.498611
2021-01-08,9294E,-5.6,-1.475278,42.198611
2021-01-08,4386B,1.3,-6.016944,38.231667
2021-01-08,4452,1.4,-6.813889,38.883333
2021-01-08,3391,-0.8,-4.590833,40.288611
2021-01-08,5390Y,1.2,-4.608889,38.333056
2021-01-08,9263X,-5.6,-1.5325,42.776111
2021-01-08,3111D,-9.4,-3.580278,41.135556
2021-01-08,3013,-4.5,-1.878889,40.841667
2021-01-08,8293X,3.8,-0.523611,39.001667
2021-01-08,0372C,-4.5,2.763611,42.104444
2021-01-08,5704B,2.3,-5.769722,37.926389
2021-01-08,8414A,4.1,-0.474722,39.485
2021-01-08,1735X,-6.9,-7.733611,42.079167
2021-01-08,5270B,3.5,-3.808889,37.7775
2021-01-08,9563X,-5.1,-0.186667,40.498611
2021-01-08,1700X,-3.9,-8.0925,42.421389
2021-01-08,3526X,-1.1,-6.5575,40.003611
2021-01-08,1387,2.9,-8.421389,43.365833
2021-01-08,9381I,-3.6,-1.293333,40.926111
2021-01-08,4121,0.4,-3.920278,38.989167
2021-01-08,8177A,-1.2,-1.66,38.935833
2021-01-08,1183X,4.6,-4.748056,43.420278
2021-01-08,8368U,-2.8,-1.124167,40.350556
2021-01-08,8178D,0,-1.862222,39.005556
2021-01-08,8416Y,4.3,-0.366389,39.480556
2021-01-08,5783,6.7,-5.879167,37.416667
2021-01-08,1400,3.2,-9.291389,42.924722
2021-01-08,6156X,10.6,-4.481667,36.717778
2021-01-08,5530E,4.4,-3.789444,37.189722
2021-01-08,1078I,-0.9,-3.104722,43.203333
2021-01-08,9208E,-9.2,-0.673056,42.708889
2021-01-08,0200E,-0.2,2.124167,41.418333
2021-01-08,9019B,-5.6,-3.933889,42.806389
2021-01-08,2946X,-3.2,-6.6,40.635
2021-01-08,1549,-7.3,-6.6,42.563889
2021-01-08,4147X,0.5,-3.391389,38.750556
2021-01-08,2400E,-6,-4.602778,41.995556
2021-01-08,5000C,11.6,-5.346944,35.888611
2021-01-08,9051,-6,-3.482778,42.92
2021-01-08,7275C,0,-1.159722,38.601667
2021-01-08,2298,-14.9,-3.131667,41.959722
2021-01-08,3168D,-2.7,-3.15,40.630278
2021-01-08,9585,-8.9,1.939444,42.3325
2021-01-08,2462,-9.5,-4.010556,40.793056
2021-01-08,2630X,-12.9,-5.376944,43.062222
2021-01-08,B278,6.2,2.736667,39.560833
2021-01-08,3298X,-2.9,-4.350556,39.546944
2021-01-08,4244X,0.5,-5.062222,39.169444
2021-01-08,2539,-4.7,-4.855556,41.711944
2021-01-08,7178I,4.2,-1.170833,38.001944
2021-01-08,2444,-8.6,-4.68,40.659167
2021-01-08,3196,-1.8,-3.786111,40.375556
2021-01-08,2030,-11.1,-2.483056,41.775
2021-01-08,4560Y,1.4,-6.675,37.868611
2021-01-08,1050J,-3.5,-2.413333,43.209444
2021-01-08,0149X,-4.4,1.840278,41.72
2021-01-08,8309X,-0.1,-1.244722,39.575556
2021-01-08,1393,4.1,-9.210833,43.160556
2021-01-08,1495,-2.4,-8.623889,42.238611
2021-01-08,1249X,-2.1,-5.874167,43.353333
2021-01-08,6155A,10.3,-4.482222,36.666111
2021-01-08,3576X,0,-7.231111,39.414722
2021-01-08,2870,-4,-5.662222,40.9575
2021-01-08,9201K,-11.8,-0.546944,42.578889
2021-01-08,1351,5.1,-7.684722,43.786111
2021-01-08,3266A,-8.1,-4.141944,40.706389
2021-01-08,1631E,-7.8,-7.2825,42.339444
2021-01-08,7012C,6.1,-0.987778,37.601111
2021-01-08,1057B,3.3,-2.752778,43.453889
2021-01-08,3338,-5.2,-4.25,40.427778000000004
2021-01-08,2374X,-4.6,-4.617222,42.350833
2021-01-08,1484C,-1.2,-8.615833,42.438333
2021-01-08,0252D,1.3,2.54,41.5875
2021-01-08,5911A,3.9,-5.374167,36.760556
2021-01-08,1428,-1.8,-8.410556,42.888056
2021-01-08,0201D,2.3,2.2,41.390556
2021-01-08,9091O,-6.9,-2.735,42.881944
2021-01-08,3365A,-1.9,-4.863611,39.958611
2021-01-08,5298X,4.4,-4.063333,38.023056
2021-01-08,6000A,13.6,-2.956389,35.276389
2021-01-08,5973,8.1,-6.257778,36.499722
2021-01-08,2916A,-5.4,-6.437778,41.011389
2021-01-08,2150H,-10.4,-3.475278,41.191944
2021-01-08,9771C,-4,0.598056,41.626111
2021-01-08,9390,-4.4,-1.41,41.114444
2021-01-08,2614,-6.2,-5.735278,41.515556
2021-01-08,1208H,2.1,-5.700833,43.56
2021-01-08,1037Y,-4.7,-2.3175,43.08
2021-01-08,4511C,2.6,-6.765,38.298611
2021-01-08,9001D,-8.3,-4.160556,42.991944
2021-01-08,8096,-0.5,-2.131944,40.067222
2021-01-08,6325O,8.4,-2.356944,36.846389
2021-01-08,1542,-12.2,-6.414167,42.994167
2021-01-08,1111X,2.4,-3.800556,43.491111
2021-01-08,4642E,5.7,-6.911667,37.278333
2021-01-08,2422,-4,-4.754444,41.640833
2021-01-08,5910,6.8,-6.3325,36.638889
2021-01-08,9091R,-7.5,-2.732778,42.871944
2021-01-08,4549Y,7,-7.395,37.194722
2021-01-08,3130C,-8.8,-2.618056,41.086389
2021-01-08,2737E,-11.7,-6.196667,42.3775
2021-01-08,1210X,2.7,-5.848611,43.655833
2021-01-08,B954,7.5,1.384444,38.876389
2021-01-08,3469A,-0.5,-6.338889,39.471389
2021-01-08,8050X,7.8,0.167778,38.783611
2021-01-08,9262,-5.2,-1.638333,42.817778
2021-01-08,6001,11.1,-5.598889,36.013889
2021-01-08,9263D,-6.6,-1.65,42.776944
2021-01-08,3044X,-3.4,-2.15,40.530278
2021-01-08,3195,-1,-3.678056,40.411944
2021-01-08,B893,6.4,4.215556,39.854722
2021-01-08,9573X,-3.7,-0.141667,41.058056
2021-01-08,7119B,0.3,-1.877222,38.1025
2021-01-08,0255B,0.4,2.696944,41.650833
2021-01-08,5612B,5.9,-4.77,37.194444
2021-01-09,4358X,2.5,-5.880556,38.955556
2021-01-09,4220X,-1,-4.616389,39.088611
2021-01-09,6106X,3.8,-4.748333,37.029444
2021-01-09,9698U,-2.5,0.865278,42.205278
2021-01-09,4410X,2.3,-6.385556,38.915833
2021-01-09,1331A,-1.8,-7.031389,43.524722
2021-01-09,1690A,-5.6,-7.859722,42.325278
2021-01-09,8489X,-5,-0.255833,40.433333
2021-01-09,8025,4.7,-0.494167,38.3725
2021-01-09,9784P,-2.7,0.224722,42.63
2021-01-09,2331,-3.9,-3.620278,42.356944
2021-01-09,9434,-0.3,-1.004167,41.660556
2021-01-09,1109,1.5,-3.825556,43.423889
2021-01-09,6293X,7.9,-2.701667,36.686944
2021-01-09,1212E,0.3,-6.044167,43.566944
2021-01-09,9394X,-1.7,-1.645278,41.331111
2021-01-09,3094B,-0.5,-3.021389,40.011389
2021-01-09,1059X,3.5,-3.021667,43.375
2021-01-09,1207U,-1.5,-5.621111,43.523056
2021-01-09,6367B,4.9,-1.943611,37.390556
2021-01-09,7228,5,-1.228611,37.957778
2021-01-09,7002Y,8.3,-1.586944,37.417222
2021-01-09,3191E,-3,-3.765,40.696111
2021-01-09,0016A,2.1,1.163611,41.145
2021-01-09,8058X,4,-0.095833,38.928889
2021-01-09,0367,1.2,2.763333,41.911667
2021-01-09,7247X,0.5,-1.038056,38.399722
2021-01-09,3200,-1.6,-3.722222,40.299444
2021-01-09,4103X,-2.5,-3.0075,39.169167
2021-01-09,3175,-2,-3.443611,40.488611
2021-01-09,3129,-1.3,-3.555556,40.466667
2021-01-09,1014A,0.3,-1.792222,43.356944
2021-01-09,7031X,6.3,-0.805833,37.778333
2021-01-09,7209,4.2,-1.687222,37.654722
2021-01-09,3519X,1.5,-6.085833,40.043056
2021-01-09,2755X,-1.6,-5.666667,42.010833
2021-01-09,8175,-3.1,-1.856389,38.954167
2021-01-09,9244X,-2.8,-1.213611,42.490833
2021-01-09,6277B,7.5,-3.020556,36.747222
2021-01-09,9170,-0.4,-2.331111,42.452222
2021-01-09,7031,6,-0.803333,37.788889
2021-01-09,5181D,0,-2.889722,38.314722
2021-01-09,B691Y,8.4,3.016667,39.749167
2021-01-09,1159,2.4,-4.392222,43.393333
2021-01-09,3260B,-2.4,-4.045278,39.884722
2021-01-09,3194U,-1.4,-3.724167,40.451667
2021-01-09,1283U,1.8,-6.47,43.569167
2021-01-09,1083L,2.8,-3.233889,43.394722
2021-01-09,2117D,-2.5,-3.742778,41.665833
2021-01-09,5514,3,-3.631389,37.137222
2021-01-09,B248,2.2,2.713056,39.735
2021-01-09,5860E,1.9,-6.738056,37.098056
2021-01-09,2465,-3.5,-4.126389,40.945278
2021-01-09,B228,9.5,2.625278,39.555278
2021-01-09,B013X,4.2,2.885833,39.823333
2021-01-09,0324A,0.2,2.196111,42.191389
2021-01-09,5995B,4.6,-5.965,36.245556
2021-01-09,1473A,0.7,-8.627222,42.738333
2021-01-09,1024E,0,-2.041111,43.306389
2021-01-09,9619,-1.1,1.463056,42.354722
2021-01-09,5427X,2.4,-4.353889,37.556111
2021-01-09,1082,1.4,-2.906389,43.298056
2021-01-09,B569X,9.1,3.478056,39.716667
2021-01-09,7145D,1.9,-1.380556,38.232778
2021-01-09,5402,3.1,-4.846667,37.848889
2021-01-09,1387E,0.7,-8.371944,43.306944
2021-01-09,4148,-1.5,-3.566667,38.518056
2021-01-09,1002Y,-1.5,-1.543056,43.135833
2021-01-09,6058I,6.5,-5.155,36.416944
2021-01-09,9898,-1.9,-0.325556,42.084444
2021-01-09,9569A,-1.8,-0.237778,40.946667
2021-01-09,1505,-4.5,-7.4575,43.111389
2021-01-09,2661,-2.7,-5.651111,42.588333
2021-01-09,7096B,-0.5,-1.703056,38.541944
2021-01-09,5960,3.4,-6.055833,36.750556
2021-01-09,9434P,-0.5,-0.935,41.620833
2021-01-09,8019,5.1,-0.570833,38.282778
2021-01-09,8500A,3.6,-0.071944,39.957222
2021-01-09,5796,4.2,-5.611389,37.164444
2021-01-09,5047E,-1.5,-2.735,37.505833
2021-01-09,5972X,6.3,-6.205556,36.465556
2021-01-09,1475X,2,-8.555833,42.876111
2021-01-09,0076,2.5,2.07,41.292778
2021-01-09,4061X,-0.7,-3.046944,39.5975
2021-01-09,3110C,-4,-3.613611,41.006944
2021-01-09,9990X,-4.8,0.876944,42.700278
2021-01-09,8325X,4.2,-0.371944,39.184722
2021-01-09,2867,-3,-5.498333,40.959444
2021-01-09,B346X,7.8,3.019167,39.521667
2021-01-09,2235U,-3.9,-4.52,42.870556
2021-01-09,1221D,-7.6,-5.776389,42.978611
2021-01-09,2775X,-3.5,-6.279722,41.941389
2021-01-09,9981A,0.6,0.493333,40.820278
2021-01-09,3434X,2,-5.5825,39.945833
2021-01-09,1041A,1.1,-2.251111,43.302222
2021-01-09,4267X,-0.7,-5.121111,38.498611
2021-01-09,9294E,-0.8,-1.475278,42.198611
2021-01-09,4386B,0.2,-6.016944,38.231667
2021-01-09,4452,2.3,-6.813889,38.883333
2021-01-09,3391,0.2,-4.590833,40.288611
2021-01-09,5390Y,-0.5,-4.608889,38.333056
2021-01-09,9263X,-1.7,-1.5325,42.776111
2021-01-09,3111D,-4.7,-3.580278,41.135556
2021-01-09,3013,-6.5,-1.878889,40.841667
2021-01-09,8293X,1.7,-0.523611,39.001667
2021-01-09,0372C,0.6,2.763611,42.104444
2021-01-09,5704B,0.5,-5.769722,37.926389
2021-01-09,8414A,1.6,-0.474722,39.485
2021-01-09,1735X,-10.9,-7.733611,42.079167
2021-01-09,5270B,1.7,-3.808889,37.7775
2021-01-09,9563X,-5.4,-0.186667,40.498611
2021-01-09,1700X,-3.9,-8.0925,42.421389
2021-01-09,3526X,2.2,-6.5575,40.003611
2021-01-09,1387,4.4,-8.421389,43.365833
2021-01-09,9381I,-3.7,-1.293333,40.926111
2021-01-09,4121,-1.5,-3.920278,38.989167
2021-01-09,8177A,-3.1,-1.66,38.935833
2021-01-09,1183X,4.2,-4.748056,43.420278
2021-01-09,8368U,-4.2,-1.124167,40.350556
2021-01-09,8178D,-2.2,-1.862222,39.005556
2021-01-09,8416Y,3.8,-0.366389,39.480556
2021-01-09,5783,4,-5.879167,37.416667
2021-01-09,1400,3,-9.291389,42.924722
2021-01-09,6156X,7.9,-4.481667,36.717778
2021-01-09,5530E,3.8,-3.789444,37.189722
2021-01-09,6084X,8.5,-4.618333,36.538611
2021-01-09,1078I,0.2,-3.104722,43.203333
2021-01-09,9208E,-4,-0.673056,42.708889
2021-01-09,0200E,0.5,2.124167,41.418333
2021-01-09,9019B,-1.6,-3.933889,42.806389
2021-01-09,2946X,-1.5,-6.6,40.635
2021-01-09,1549,-8.4,-6.6,42.563889
2021-01-09,4147X,-1.1,-3.391389,38.750556
2021-01-09,2400E,-4.3,-4.602778,41.995556
2021-01-09,5000C,6.7,-5.346944,35.888611
2021-01-09,9051,-1.5,-3.482778,42.92
2021-01-09,7275C,-1.1,-1.159722,38.601667
2021-01-09,2298,-3.4,-3.131667,41.959722
2021-01-09,3168D,-1.8,-3.15,40.630278
2021-01-09,9585,-6.1,1.939444,42.3325
2021-01-09,2462,-7.5,-4.010556,40.793056
2021-01-09,2630X,-8.4,-5.376944,43.062222
2021-01-09,B278,9,2.736667,39.560833
2021-01-09,3298X,-4.2,-4.350556,39.546944
2021-01-09,4244X,0.1,-5.062222,39.169444
2021-01-09,2539,-2.9,-4.855556,41.711944
2021-01-09,7178I,5,-1.170833,38.001944
2021-01-09,2444,-4,-4.68,40.659167
2021-01-09,6302A,2.6,-2.78,37.141389
2021-01-09,3196,-1.6,-3.786111,40.375556
2021-01-09,2030,-4.3,-2.483056,41.775
2021-01-09,4560Y,0.6,-6.675,37.868611
2021-01-09,1050J,-1,-2.413333,43.209444
2021-01-09,0149X,0.4,1.840278,41.72
2021-01-09,8309X,-4.6,-1.244722,39.575556
2021-01-09,1495,-0.2,-8.623889,42.238611
2021-01-09,1249X,-1.5,-5.874167,43.353333
2021-01-09,6155A,7.3,-4.482222,36.666111
2021-01-09,3576X,0.6,-7.231111,39.414722
2021-01-09,2870,-2,-5.662222,40.9575
2021-01-09,9201K,-4,-0.546944,42.578889
2021-01-09,1351,3.7,-7.684722,43.786111
2021-01-09,3266A,-5.8,-4.141944,40.706389
2021-01-09,1631E,-5.7,-7.2825,42.339444
2021-01-09,7012C,7.9,-0.987778,37.601111
2021-01-09,3338,-1.8,-4.25,40.427778000000004
2021-01-09,2374X,-2.1,-4.617222,42.350833
2021-01-09,1484C,0.9,-8.615833,42.438333
2021-01-09,0252D,2.8,2.54,41.5875
2021-01-09,5911A,-0.5,-5.374167,36.760556
2021-01-09,1428,0.1,-8.410556,42.888056
2021-01-09,0201D,3.8,2.2,41.390556
2021-01-09,9091O,-1.7,-2.735,42.881944
2021-01-09,3365A,1,-4.863611,39.958611
2021-01-09,5298X,0.9,-4.063333,38.023056
2021-01-09,6000A,10.7,-2.956389,35.276389
2021-01-09,5973,8.1,-6.257778,36.499722
2021-01-09,2916A,-2.1,-6.437778,41.011389
2021-01-09,2150H,-7.8,-3.475278,41.191944
2021-01-09,9771C,-0.4,0.598056,41.626111
2021-01-09,9390,-3.2,-1.41,41.114444
2021-01-09,2614,-2,-5.735278,41.515556
2021-01-09,1208H,2.5,-5.700833,43.56
2021-01-09,1037Y,-2.8,-2.3175,43.08
2021-01-09,9001D,-2.4,-4.160556,42.991944
2021-01-09,8096,-0.7,-2.131944,40.067222
2021-01-09,6325O,7.5,-2.356944,36.846389
2021-01-09,1542,-9.6,-6.414167,42.994167
2021-01-09,1111X,3.2,-3.800556,43.491111
2021-01-09,4642E,2.6,-6.911667,37.278333
2021-01-09,2422,-2.7,-4.754444,41.640833
2021-01-09,5910,5.2,-6.3325,36.638889
2021-01-09,9091R,-1.7,-2.732778,42.871944
2021-01-09,4549Y,2.5,-7.395,37.194722
2021-01-09,3130C,-3.8,-2.618056,41.086389
2021-01-09,2737E,-4.7,-6.196667,42.3775
2021-01-09,1210X,1.9,-5.848611,43.655833
2021-01-09,B954,9.3,1.384444,38.876389
2021-01-09,3469A,0.6,-6.338889,39.471389
2021-01-09,8050X,5,0.167778,38.783611
2021-01-09,9262,-1.5,-1.638333,42.817778
2021-01-09,6001,5.9,-5.598889,36.013889
2021-01-09,9263D,-1.9,-1.65,42.776944
2021-01-09,3195,-1.6,-3.678056,40.411944
2021-01-09,B893,9.2,4.215556,39.854722
2021-01-09,9573X,-1.3,-0.141667,41.058056
2021-01-09,7119B,-0.2,-1.877222,38.1025
2021-01-09,0255B,1.8,2.696944,41.650833
2021-01-09,5612B,1.9,-4.77,37.194444
2021-01-10,4358X,0.6,-5.880556,38.955556
2021-01-10,4220X,-1.2,-4.616389,39.088611
2021-01-10,6106X,0.7,-4.748333,37.029444
2021-01-10,9698U,-0.5,0.865278,42.205278
2021-01-10,4410X,-1.4,-6.385556,38.915833
2021-01-10,1331A,5.3,-7.031389,43.524722
2021-01-10,1690A,1.5,-7.859722,42.325278
2021-01-10,8489X,-5.2,-0.255833,40.433333
2021-01-10,8025,3.9,-0.494167,38.3725
2021-01-10,9784P,-4.3,0.224722,42.63
2021-01-10,2331,-3,-3.620278,42.356944
2021-01-10,9434,0.3,-1.004167,41.660556
2021-01-10,1109,3.1,-3.825556,43.423889
2021-01-10,6293X,5.6,-2.701667,36.686944
2021-01-10,1212E,3.7,-6.044167,43.566944
2021-01-10,9394X,-1.4,-1.645278,41.331111
2021-01-10,3094B,-5.2,-3.021389,40.011389
2021-01-10,1059X,3.9,-3.021667,43.375
2021-01-10,1207U,3.4,-5.621111,43.523056
2021-01-10,6367B,4.3,-1.943611,37.390556
2021-01-10,7228,3.3,-1.228611,37.957778
2021-01-10,7002Y,6.4,-1.586944,37.417222
2021-01-10,3191E,-2.2,-3.765,40.696111
2021-01-10,0016A,3.2,1.163611,41.145
2021-01-10,8058X,2.9,-0.095833,38.928889
2021-01-10,0367,2.7,2.763333,41.911667
2021-01-10,7247X,0.2,-1.038056,38.399722
2021-01-10,3200,-4.4,-3.722222,40.299444
2021-01-10,4103X,-4.3,-3.0075,39.169167
2021-01-10,3175,-4.5,-3.443611,40.488611
2021-01-10,3129,-3.5,-3.555556,40.466667
2021-01-10,4067,-7.2,-3.528333,39.491944
2021-01-10,1014A,0.3,-1.792222,43.356944
2021-01-10,7031X,5.1,-0.805833,37.778333
2021-01-10,7209,3.1,-1.687222,37.654722
2021-01-10,3519X,-1.3,-6.085833,40.043056
2021-01-10,2755X,-2.7,-5.666667,42.010833
2021-01-10,8175,-3.8,-1.856389,38.954167
2021-01-10,9244X,-3.8,-1.213611,42.490833
2021-01-10,6277B,6.8,-3.020556,36.747222
2021-01-10,9170,0,-2.331111,42.452222
2021-01-10,7031,4.5,-0.803333,37.788889
2021-01-10,5181D,0,-2.889722,38.314722
2021-01-10,B691Y,4.4,3.016667,39.749167
2021-01-10,1159,2.8,-4.392222,43.393333
2021-01-10,3260B,-4.1,-4.045278,39.884722
2021-01-10,3194U,-0.7,-3.724167,40.451667
2021-01-10,1283U,6.1,-6.47,43.569167
2021-01-10,1083L,3.9,-3.233889,43.394722
2021-01-10,2117D,-2.6,-3.742778,41.665833
2021-01-10,5514,-1.2,-3.631389,37.137222
2021-01-10,B248,1.1,2.713056,39.735
2021-01-10,5860E,1.9,-6.738056,37.098056
2021-01-10,2465,-6.1,-4.126389,40.945278
2021-01-10,B228,8.9,2.625278,39.555278
2021-01-10,B013X,2,2.885833,39.823333
2021-01-10,4090Y,-10,-2.420556,39.416667
2021-01-10,0324A,1.7,2.196111,42.191389
2021-01-10,5995B,3.7,-5.965,36.245556
2021-01-10,1473A,4.4,-8.627222,42.738333
2021-01-10,1024E,0.7,-2.041111,43.306389
2021-01-10,9619,0.4,1.463056,42.354722
2021-01-10,5427X,1.5,-4.353889,37.556111
2021-01-10,1082,2.1,-2.906389,43.298056
2021-01-10,B569X,8.6,3.478056,39.716667
2021-01-10,7145D,1.5,-1.380556,38.232778
2021-01-10,5402,1.9,-4.846667,37.848889
2021-01-10,1387E,5.8,-8.371944,43.306944
2021-01-10,5641X,3.1,-5.085,37.516111
2021-01-10,4148,-1,-3.566667,38.518056
2021-01-10,1002Y,0.1,-1.543056,43.135833
2021-01-10,6058I,5.5,-5.155,36.416944
2021-01-10,9898,-2.4,-0.325556,42.084444
2021-01-10,9569A,-0.5,-0.237778,40.946667
2021-01-10,1505,2.2,-7.4575,43.111389
2021-01-10,2661,-1.2,-5.651111,42.588333
2021-01-10,7096B,-1.2,-1.703056,38.541944
2021-01-10,5960,2.3,-6.055833,36.750556
2021-01-10,9434P,0.2,-0.935,41.620833
2021-01-10,8019,4.6,-0.570833,38.282778
2021-01-10,8500A,5.5,-0.071944,39.957222
2021-01-10,5796,3.2,-5.611389,37.164444
2021-01-10,5047E,-2.2,-2.735,37.505833
2021-01-10,5972X,4.2,-6.205556,36.465556
2021-01-10,1475X,3.8,-8.555833,42.876111
2021-01-10,0076,4.9,2.07,41.292778
2021-01-10,4061X,-5.1,-3.046944,39.5975
2021-01-10,3110C,-5.4,-3.613611,41.006944
2021-01-10,9990X,-5,0.876944,42.700278
2021-01-10,8325X,2.3,-0.371944,39.184722
2021-01-10,2867,-3.9,-5.498333,40.959444
2021-01-10,B346X,5,3.019167,39.521667
2021-01-10,2235U,-2.7,-4.52,42.870556
2021-01-10,1221D,-5.1,-5.776389,42.978611
2021-01-10,2775X,-3.2,-6.279722,41.941389
2021-01-10,9981A,2.4,0.493333,40.820278
2021-01-10,3434X,-1.5,-5.5825,39.945833
2021-01-10,1041A,2.3,-2.251111,43.302222
2021-01-10,4267X,-0.3,-5.121111,38.498611
2021-01-10,9294E,-0.4,-1.475278,42.198611
2021-01-10,4386B,-0.3,-6.016944,38.231667
2021-01-10,4452,0.3,-6.813889,38.883333
2021-01-10,3391,-0.2,-4.590833,40.288611
2021-01-10,5390Y,-1.1,-4.608889,38.333056
2021-01-10,9263X,-4.9,-1.5325,42.776111
2021-01-10,3111D,-6.9,-3.580278,41.135556
2021-01-10,3013,-6.1,-1.878889,40.841667
2021-01-10,8293X,0.3,-0.523611,39.001667
2021-01-10,0372C,2.2,2.763611,42.104444
2021-01-10,5704B,0.2,-5.769722,37.926389
2021-01-10,8414A,-0.9,-0.474722,39.485
2021-01-10,1735X,-4.4,-7.733611,42.079167
2021-01-10,5270B,0.6,-3.808889,37.7775
2021-01-10,1700X,1.5,-8.0925,42.421389
2021-01-10,3526X,-0.1,-6.5575,40.003611
2021-01-10,1387,6.8,-8.421389,43.365833
2021-01-10,9381I,-3.7,-1.293333,40.926111
2021-01-10,4121,-1.6,-3.920278,38.989167
2021-01-10,8177A,-4.6,-1.66,38.935833
2021-01-10,1183X,5,-4.748056,43.420278
2021-01-10,8368U,-4.1,-1.124167,40.350556
2021-01-10,8178D,-3.6,-1.862222,39.005556
2021-01-10,8416Y,2.6,-0.366389,39.480556
2021-01-10,5783,2.3,-5.879167,37.416667
2021-01-10,1400,4.8,-9.291389,42.924722
2021-01-10,6156X,4.5,-4.481667,36.717778
2021-01-10,5530E,-2,-3.789444,37.189722
2021-01-10,6084X,5.7,-4.618333,36.538611
2021-01-10,1078I,1.2,-3.104722,43.203333
2021-01-10,9208E,-3.6,-0.673056,42.708889
2021-01-10,0200E,2.3,2.124167,41.418333
2021-01-10,9019B,0,-3.933889,42.806389
2021-01-10,2946X,-0.9,-6.6,40.635
2021-01-10,1549,-2.9,-6.6,42.563889
2021-01-10,4147X,-0.8,-3.391389,38.750556
2021-01-10,2400E,-2.6,-4.602778,41.995556
2021-01-10,5000C,5.3,-5.346944,35.888611
2021-01-10,9051,-0.3,-3.482778,42.92
2021-01-10,7275C,-2.4,-1.159722,38.601667
2021-01-10,2298,-6,-3.131667,41.959722
2021-01-10,3168D,-2.9,-3.15,40.630278
2021-01-10,9585,-8.3,1.939444,42.3325
2021-01-10,2462,-8.5,-4.010556,40.793056
2021-01-10,2630X,-5.1,-5.376944,43.062222
2021-01-10,B278,8.7,2.736667,39.560833
2021-01-10,4244X,-0.6,-5.062222,39.169444
2021-01-10,2539,-1.9,-4.855556,41.711944
2021-01-10,7178I,4.6,-1.170833,38.001944
2021-01-10,2444,-5.8,-4.68,40.659167
2021-01-10,6302A,0.1,-2.78,37.141389
2021-01-10,3196,-1.5,-3.786111,40.375556
2021-01-10,2030,-7.1,-2.483056,41.775
2021-01-10,4560Y,0.6,-6.675,37.868611
2021-01-10,1050J,0.2,-2.413333,43.209444
2021-01-10,0149X,2.3,1.840278,41.72
2021-01-10,8309X,-5.9,-1.244722,39.575556
2021-01-10,1393,7.4,-9.210833,43.160556
2021-01-10,1495,3,-8.623889,42.238611
2021-01-10,1249X,1,-5.874167,43.353333
2021-01-10,6155A,3.9,-4.482222,36.666111
2021-01-10,3576X,-0.6,-7.231111,39.414722
2021-01-10,2870,-2.1,-5.662222,40.9575
2021-01-10,9201K,-5.9,-0.546944,42.578889
2021-01-10,1351,7.6,-7.684722,43.786111
2021-01-10,3266A,-8.3,-4.141944,40.706389
2021-01-10,1631E,-3.5,-7.2825,42.339444
2021-01-10,7012C,6.8,-0.987778,37.601111
2021-01-10,3338,-5.1,-4.25,40.427778000000004
2021-01-10,2374X,-1.4,-4.617222,42.350833
2021-01-10,1484C,4.7,-8.615833,42.438333
2021-01-10,0252D,4.8,2.54,41.5875
2021-01-10,5911A,-0.5,-5.374167,36.760556
2021-01-10,1428,2.7,-8.410556,42.888056
2021-01-10,0201D,5.4,2.2,41.390556
2021-01-10,9091O,-1.2,-2.735,42.881944
2021-01-10,3365A,-1.3,-4.863611,39.958611
2021-01-10,5298X,-0.3,-4.063333,38.023056
2021-01-10,6000A,8,-2.956389,35.276389
2021-01-10,5973,5.1,-6.257778,36.499722
2021-01-10,2916A,-2.5,-6.437778,41.011389
2021-01-10,2150H,-11.6,-3.475278,41.191944
2021-01-10,9771C,0.1,0.598056,41.626111
2021-01-10,9390,-2.2,-1.41,41.114444
2021-01-10,2614,-2.5,-5.735278,41.515556
2021-01-10,1208H,5.1,-5.700833,43.56
2021-01-10,1037Y,-2,-2.3175,43.08
2021-01-10,9001D,-1.1,-4.160556,42.991944
2021-01-10,8096,-5.8,-2.131944,40.067222
2021-01-10,6325O,5.6,-2.356944,36.846389
2021-01-10,1542,-9.3,-6.414167,42.994167
2021-01-10,1111X,3.3,-3.800556,43.491111
2021-01-10,4642E,2.3,-6.911667,37.278333
2021-01-10,2422,-1.7,-4.754444,41.640833
2021-01-10,5910,3.8,-6.3325,36.638889
2021-01-10,9091R,-0.7,-2.732778,42.871944
2021-01-10,4549Y,4.6,-7.395,37.194722
2021-01-10,3130C,-7.3,-2.618056,41.086389
2021-01-10,2737E,-6.5,-6.196667,42.3775
2021-01-10,1210X,4.5,-5.848611,43.655833
2021-01-10,B954,6.6,1.384444,38.876389
2021-01-10,3469A,-0.3,-6.338889,39.471389
2021-01-10,8050X,3.2,0.167778,38.783611
2021-01-10,9262,-0.8,-1.638333,42.817778
2021-01-10,6001,3.5,-5.598889,36.013889
2021-01-10,9263D,-2.1,-1.65,42.776944
2021-01-10,3044X,-4.1,-2.15,40.530278
2021-01-10,3195,-0.8,-3.678056,40.411944
2021-01-10,B893,8,4.215556,39.854722
2021-01-10,9573X,0,-0.141667,41.058056
2021-01-10,7119B,-0.2,-1.877222,38.1025
2021-01-10,0255B,3.4,2.696944,41.650833
2021-01-10,5612B,0,-4.77,37.194444
